video,frame_number,pts_us,qr_timestamp_us,offset_us,offset_ms
cam1_rec8.mkv,540,9108000,1768257809746000,-1768257800638000,-1768257800638.0
cam1_rec8.mkv,1081,18124000,1768257818779000,-1768257800655000,-1768257800655.0
cam1_rec8.mkv,2162,36132000,1768257836766000,-1768257800634000,-1768257800634.0
cam1_rec8.mkv,2703,45148000,1768257845794000,-1768257800646000,-1768257800646.0
cam1_rec8.mkv,3243,54144000,1768257854793000,-1768257800649000,-1768257800649.0
cam1_rec8.mkv,3784,63161000,1768257863798000,-1768257800637000,-1768257800637.0
cam1_rec8.mkv,4324,72157000,1768257872795000,-1768257800638000,-1768257800638.0
cam1_rec8.mkv,4865,81169000,1768257881814000,-1768257800645000,-1768257800645.0
cam1_rec8.mkv,5406,90185000,1768257890819000,-1768257800634000,-1768257800634.0
cam1_rec8.mkv,5946,99181000,1768257899825000,-1768257800644000,-1768257800644.0
cam1_rec8.mkv,6487,108193000,1768257908842000,-1768257800649000,-1768257800649.0
cam1_rec8.mkv,7027,117193000,1768257917837000,-1768257800644000,-1768257800644.0
cam1_rec8.mkv,9190,153230000,1768257953875000,-1768257800645000,-1768257800645.0
cam1_rec8.mkv,9730,162230000,1768257962880000,-1768257800650000,-1768257800650.0
cam1_rec8.mkv,10271,171242000,1768257971892000,-1768257800650000,-1768257800650.0
cam1_rec8.mkv,10812,180258000,1768257980903000,-1768257800645000,-1768257800645.0
cam1_rec8.mkv,12434,207283000,1768258007917000,-1768257800634000,-1768257800634.0
cam1_rec8.mkv,12974,216279000,1768258016919000,-1768257800640000,-1768257800640.0
cam1_rec8.mkv,13515,225291000,1768258025933000,-1768257800642000,-1768257800642.0
cam1_rec8.mkv,14055,234291000,1768258034931000,-1768257800640000,-1768257800640.0
cam1_rec8.mkv,15137,252320000,1768258052961000,-1768257800641000,-1768257800641.0
cam1_rec8.mkv,15677,261316000,1768258061959000,-1768257800643000,-1768257800643.0
cam1_rec8.mkv,16218,270328000,1768258070966000,-1768257800638000,-1768257800638.0
cam1_rec8.mkv,16758,279328000,1768258079964000,-1768257800636000,-1768257800636.0
cam1_rec8.mkv,18921,315365000,1768258116007000,-1768257800642000,-1768257800642.0
cam1_rec8.mkv,19461,324365000,1768258124994000,-1768257800629000,-1768257800629.0
cam1_rec8.mkv,20002,333377000,1768258134018000,-1768257800641000,-1768257800641.0
cam1_rec8.mkv,22164,369397000,1768258170044000,-1768257800647000,-1768257800647.0
cam1_rec8.mkv,22705,378414000,1768258179060000,-1768257800646000,-1768257800646.0
cam1_rec8.mkv,23246,387426000,1768258188072000,-1768257800646000,-1768257800646.0
cam1_rec8.mkv,24327,405438000,1768258206080000,-1768257800642000,-1768257800642.0
cam1_rec8.mkv,24868,414454000,1768258215096000,-1768257800642000,-1768257800642.0
cam1_rec8.mkv,25408,423450000,1768258224090000,-1768257800640000,-1768257800640.0
cam1_rec8.mkv,25949,432462000,1768258233106000,-1768257800644000,-1768257800644.0
cam1_rec8.mkv,26489,441463000,1768258242097000,-1768257800634000,-1768257800634.0
cam1_rec8.mkv,27030,450475000,1768258251112000,-1768257800637000,-1768257800637.0
cam1_rec8.mkv,27571,459487000,1768258260132000,-1768257800645000,-1768257800645.0
cam1_rec8.mkv,28652,477499000,1768258278132000,-1768257800633000,-1768257800633.0
cam1_rec8.mkv,29192,486495000,1768258287145000,-1768257800650000,-1768257800650.0
cam1_rec8.mkv,29733,495511000,1768258296148000,-1768257800637000,-1768257800637.0
cam1_rec8.mkv,30274,504524000,1768258305160000,-1768257800636000,-1768257800636.0
cam1_rec8.mkv,31895,531532000,1768258332170000,-1768257800638000,-1768257800638.0
cam1_rec8.mkv,32436,540548000,1768258341181000,-1768257800633000,-1768257800633.0
cam1_rec8.mkv,32977,549560000,1768258350199000,-1768257800639000,-1768257800639.0
cam1_rec8.mkv,33517,558560000,1768258359201000,-1768257800641000,-1768257800641.0
cam1_rec8.mkv,34058,567573000,1768258368212000,-1768257800639000,-1768257800639.0
cam1_rec8.mkv,35139,585585000,1768258386228000,-1768257800643000,-1768257800643.0
cam1_rec8.mkv,35680,594597000,1768258395236000,-1768257800639000,-1768257800639.0
cam1_rec8.mkv,36220,603593000,1768258404237000,-1768257800644000,-1768257800644.0
cam1_rec8.mkv,36761,612609000,1768258413249000,-1768257800640000,-1768257800640.0
cam1_rec8.mkv,38383,639634000,1768258440275000,-1768257800641000,-1768257800641.0
cam1_rec8.mkv,38923,648630000,1768258449278000,-1768257800648000,-1768257800648.0
cam1_rec8.mkv,39464,657646000,1768258458289000,-1768257800643000,-1768257800643.0
cam1_rec8.mkv,40005,666658000,1768258467299000,-1768257800641000,-1768257800641.0
cam1_rec8.mkv,40545,675658000,1768258476310000,-1768257800652000,-1768257800652.0
cam1_rec8.mkv,41626,693667000,1768258494293000,-1768257800626000,-1768257800626.0
cam1_rec8.mkv,42167,702683000,1768258503302000,-1768257800619000,-1768257800619.0
cam1_rec8.mkv,42708,711695000,1768258512338000,-1768257800643000,-1768257800643.0
cam1_rec8.mkv,43248,720691000,1768258521335000,-1768257800644000,-1768257800644.0
cam1_rec8.mkv,44870,747719000,1768258548362000,-1768257800643000,-1768257800643.0
cam1_rec8.mkv,45411,756731000,1768258557366000,-1768257800635000,-1768257800635.0
cam1_rec8.mkv,45951,765728000,1768258566362000,-1768257800634000,-1768257800634.0
cam1_rec8.mkv,46492,774744000,1768258575377000,-1768257800633000,-1768257800633.0
cam1_rec8.mkv,48114,801768000,1768258602397000,-1768257800629000,-1768257800629.0
cam1_rec8.mkv,48654,810764000,1768258611403000,-1768257800639000,-1768257800639.0
cam1_rec8.mkv,49195,819780000,1768258620420000,-1768257800640000,-1768257800640.0
cam1_rec8.mkv,49736,828793000,1768258629414000,-1768257800621000,-1768257800621.0
cam1_rec8.mkv,51357,855801000,1768258656438000,-1768257800637000,-1768257800637.0
cam1_rec8.mkv,51898,864817000,1768258665446000,-1768257800629000,-1768257800629.0
cam1_rec8.mkv,52439,873829000,1768258674466000,-1768257800637000,-1768257800637.0
cam1_rec8.mkv,52979,882825000,1768258683468000,-1768257800643000,-1768257800643.0
cam1_rec8.mkv,53520,892006000,1768258692643000,-1768257800637000,-1768257800637.0
cam1_rec8.mkv,55142,919034000,1768258719665000,-1768257800631000,-1768257800631.0
cam1_rec8.mkv,55682,928030000,1768258728660000,-1768257800630000,-1768257800630.0
cam1_rec8.mkv,56223,937042000,1768258737683000,-1768257800641000,-1768257800641.0
cam1_rec8.mkv,57845,964071000,1768258764711000,-1768257800640000,-1768257800640.0
cam1_rec8.mkv,58385,973067000,1768258773708000,-1768257800641000,-1768257800641.0
cam1_rec8.mkv,58926,982079000,1768258782718000,-1768257800639000,-1768257800639.0
cam1_rec8.mkv,59467,991095000,1768258791736000,-1768257800641000,-1768257800641.0
cam1_rec8.mkv,60007,1000091000,1768258800732000,-1768257800641000,-1768257800641.0
cam1_rec8.mkv,61088,1018103000,1768258818744000,-1768257800641000,-1768257800641.0
cam1_rec8.mkv,61629,1027116000,1768258827746000,-1768257800630000,-1768257800630.0
cam1_rec8.mkv,62170,1036132000,1768258836766000,-1768257800634000,-1768257800634.0
cam1_rec8.mkv,62710,1045127999,1768258845767000,-1768257800639001,-1768257800639.001
cam1_rec8.mkv,63251,1054140000,1768258854793000,-1768257800653000,-1768257800653.0
cam1_rec8.mkv,64332,1072152000,1768258872786000,-1768257800634000,-1768257800634.0
cam1_rec8.mkv,64873,1081168000,1768258881800000,-1768257800632000,-1768257800632.0
cam1_rec8.mkv,65413,1090165000,1768258890810000,-1768257800645000,-1768257800645.0
cam1_rec8.mkv,65954,1099177000,1768258899808000,-1768257800631000,-1768257800631.0
cam1_rec8.mkv,66494,1108177000,1768258908810000,-1768257800633000,-1768257800633.0
cam1_rec8.mkv,67576,1126201000,1768258926843000,-1768257800642000,-1768257800642.0
cam1_rec8.mkv,68116,1135201000,1768258935836000,-1768257800635000,-1768257800635.0
cam1_rec8.mkv,68657,1144213000,1768258944832000,-1768257800619000,-1768257800619.0
cam1_rec8.mkv,69197,1153209000,1768258953854000,-1768257800645000,-1768257800645.0
cam1_rec8.mkv,69738,1162226000,1768258962868000,-1768257800642000,-1768257800642.0
cam1_rec8.mkv,71360,1189250000,1768258989881000,-1768257800631000,-1768257800631.0
cam1_rec8.mkv,71901,1198266000,1768258998909000,-1768257800643000,-1768257800643.0
cam1_rec8.mkv,72441,1207262000,1768259007907000,-1768257800645000,-1768257800645.0
cam1_rec8.mkv,72982,1216274000,1768259016912000,-1768257800638000,-1768257800638.0
cam1_rec8.mkv,74604,1243299000,1768259043932000,-1768257800633000,-1768257800633.0
cam1_rec8.mkv,75144,1252299000,1768259052925000,-1768257800626000,-1768257800626.0
cam1_rec8.mkv,75685,1261311000,1768259061951000,-1768257800640000,-1768257800640.0
cam1_rec8.mkv,76225,1270307000,1768259070949000,-1768257800642000,-1768257800642.0
cam1_rec8.mkv,76766,1279323000,1768259079945000,-1768257800622000,-1768257800622.0
cam1_rec8.mkv,77307,1288335000,1768259088969000,-1768257800634000,-1768257800634.0
cam1_rec8.mkv,77847,1297336000,1768259097961000,-1768257800625000,-1768257800625.0
cam1_rec8.mkv,78388,1306348000,1768259106966000,-1768257800618000,-1768257800618.0
cam1_rec8.mkv,78928,1315344000,1768259115983000,-1768257800639000,-1768257800639.0
cam1_rec8.mkv,79469,1324360000,1768259124978000,-1768257800618000,-1768257800618.0
cam1_rec8.mkv,80550,1342372000,1768259143011000,-1768257800639000,-1768257800639.0
cam1_rec8.mkv,81091,1351384000,1768259152017000,-1768257800633000,-1768257800633.0
cam1_rec8.mkv,81631,1360380000,1768259161016000,-1768257800636000,-1768257800636.0
cam1_rec8.mkv,82172,1369397000,1768259170005000,-1768257800608000,-1768257800608.0
cam1_rec8.mkv,82713,1378409000,1768259179060000,-1768257800651000,-1768257800651.0
cam1_rec8.mkv,83253,1387405000,1768259188026000,-1768257800621000,-1768257800621.0
cam1_rec8.mkv,84335,1405433000,1768259206044000,-1768257800611000,-1768257800611.0
cam1_rec8.mkv,84875,1414433000,1768259215040000,-1768257800607000,-1768257800607.0
cam1_rec8.mkv,85416,1423445000,1768259224066000,-1768257800621000,-1768257800621.0
cam1_rec8.mkv,85956,1432442000,1768259233092000,-1768257800650000,-1768257800650.0
cam1_rec8.mkv,86497,1441458000,1768259242095000,-1768257800637000,-1768257800637.0
cam1_rec8.mkv,87578,1459470000,1768259260097000,-1768257800627000,-1768257800627.0
cam1_rec8.mkv,88119,1468482000,1768259269100000,-1768257800618000,-1768257800618.0
cam1_rec8.mkv,88659,1477478000,1768259278114000,-1768257800636000,-1768257800636.0
cam1_rec8.mkv,89200,1486594000,1768259287231000,-1768257800637000,-1768257800637.0
cam1_rec8.mkv,90822,1513619000,1768259314233000,-1768257800614000,-1768257800614.0
cam1_rec8.mkv,91362,1522615000,1768259323259000,-1768257800644000,-1768257800644.0
cam1_rec8.mkv,91903,1531631000,1768259332264000,-1768257800633000,-1768257800633.0
cam1_rec8.mkv,92444,1540643000,1768259341272000,-1768257800629000,-1768257800629.0
cam1_rec8.mkv,94066,1567668000,1768259368288000,-1768257800620000,-1768257800620.0
cam1_rec8.mkv,94606,1576668000,1768259377286000,-1768257800618000,-1768257800618.0
cam1_rec8.mkv,95147,1585680000,1768259386293000,-1768257800613000,-1768257800613.0
cam1_rec8.mkv,95687,1594676000,1768259395293000,-1768257800617000,-1768257800617.0
cam1_rec8.mkv,97309,1621700000,1768259422309000,-1768257800609000,-1768257800609.0
cam1_rec8.mkv,97850,1630717000,1768259431329000,-1768257800612000,-1768257800612.0
cam1_rec8.mkv,98390,1639713000,1768259440336000,-1768257800623000,-1768257800623.0
cam1_rec8.mkv,98931,1648729000,1768259449354000,-1768257800625000,-1768257800625.0
cam1_rec8.mkv,100553,1675753000,1768259476373000,-1768257800620000,-1768257800620.0
cam1_rec8.mkv,101093,1684749000,1768259485378000,-1768257800629000,-1768257800629.0
cam1_rec8.mkv,101634,1693765000,1768259494397000,-1768257800632000,-1768257800632.0
cam1_rec8.mkv,102175,1702778000,1768259503400000,-1768257800622000,-1768257800622.0
cam1_rec8.mkv,102715,1711774000,1768259512397000,-1768257800623000,-1768257800623.0
cam1_rec8.mkv,103796,1729786000,1768259530397000,-1768257800611000,-1768257800611.0
cam1_rec8.mkv,104337,1738798000,1768259539442000,-1768257800644000,-1768257800644.0
cam1_rec8.mkv,104878,1747814000,1768259548422000,-1768257800608000,-1768257800608.0
cam1_rec8.mkv,105418,1756810000,1768259557426000,-1768257800616000,-1768257800616.0
cam1_rec8.mkv,107040,1783835000,1768259584436000,-1768257800601000,-1768257800601.0
cam1_rec8.mkv,107581,1792851000,1768259593481000,-1768257800630000,-1768257800630.0
cam1_rec8.mkv,108121,1801847000,1768259602473000,-1768257800626000,-1768257800626.0
cam1_rec8.mkv,108662,1810859000,1768259611508000,-1768257800649000,-1768257800649.0
cam1_rec8.mkv,109203,1819875000,1768259620502000,-1768257800627000,-1768257800627.0
cam1_rec8.mkv,110284,1837888000,1768259638487000,-1768257800599000,-1768257800599.0
cam1_rec8.mkv,110824,1846884000,1768259647505000,-1768257800621000,-1768257800621.0
cam1_rec8.mkv,111365,1855896000,1768259656508000,-1768257800612000,-1768257800612.0
cam1_rec8.mkv,111906,1864912000,1768259665541000,-1768257800629000,-1768257800629.0
cam1_rec8.mkv,112987,1882924000,1768259683558000,-1768257800634000,-1768257800634.0
cam1_rec8.mkv,113527,1891920000,1768259692541000,-1768257800621000,-1768257800621.0
cam1_rec8.mkv,114068,1900933000,1768259701549000,-1768257800616000,-1768257800616.0
cam1_rec8.mkv,114609,1909949000,1768259710580000,-1768257800631000,-1768257800631.0
cam1_rec8.mkv,115149,1918945000,1768259719582000,-1768257800637000,-1768257800637.0
cam1_rec8.mkv,115690,1927957000,1768259728608000,-1768257800651000,-1768257800651.0
cam1_rec8.mkv,117312,1954985000,1768259755594000,-1768257800609000,-1768257800609.0
cam1_rec8.mkv,117852,1963982000,1768259764607000,-1768257800625000,-1768257800625.0
cam1_rec8.mkv,118393,1972994000,1768259773620000,-1768257800626000,-1768257800626.0
cam1_rec8.mkv,118934,1982010000,1768259782624000,-1768257800614000,-1768257800614.0
cam1_rec8.mkv,119474,1991006000,1768259791620000,-1768257800614000,-1768257800614.0
cam1_rec8.mkv,120555,2009018000,1768259809624000,-1768257800606000,-1768257800606.0
cam1_rec8.mkv,121096,2018030000,1768259818649000,-1768257800619000,-1768257800619.0
cam1_rec8.mkv,121637,2027047000,1768259827686000,-1768257800639000,-1768257800639.0
cam1_rec8.mkv,122177,2036043000,1768259836672000,-1768257800629000,-1768257800629.0
cam1_rec8.mkv,123799,2063067000,1768259863685000,-1768257800618000,-1768257800618.0
cam1_rec8.mkv,124340,2072083000,1768259872702000,-1768257800619000,-1768257800619.0
cam1_rec8.mkv,124880,2081079000,1768259881691000,-1768257800612000,-1768257800612.0
cam1_rec8.mkv,125421,2090091000,1768259890717000,-1768257800626000,-1768257800626.0
cam1_rec8.mkv,125961,2099092000,1768259899708000,-1768257800616000,-1768257800616.0
cam1_rec8.mkv,126502,2108104000,1768259908721000,-1768257800617000,-1768257800617.0
cam1_rec8.mkv,127043,2117120000,1768259917727000,-1768257800607000,-1768257800607.0
cam1_rec8.mkv,127583,2126116000,1768259926732000,-1768257800616000,-1768257800616.0
cam1_rec8.mkv,128124,2135128000,1768259935767000,-1768257800639000,-1768257800639.0
cam1_rec8.mkv,128664,2144128000,1768259944738000,-1768257800610000,-1768257800610.0
cam1_rec8.mkv,129746,2162153000,1768259962778000,-1768257800625000,-1768257800625.0
cam1_rec8.mkv,130286,2171153000,1768259971774000,-1768257800621000,-1768257800621.0
cam1_rec8.mkv,137855,2297263000,1768259975898000,-1768257678635000,-1768257678635.0
cam1_rec8.mkv,138395,2306263000,1768260106890000,-1768257800627000,-1768257800627.0
cam1_rec8.mkv,138936,2315275000,1768260115919000,-1768257800644000,-1768257800644.0
cam1_rec8.mkv,140017,2333287000,1768260133916000,-1768257800629000,-1768257800629.0
cam1_rec8.mkv,140558,2342299000,1768260142931000,-1768257800632000,-1768257800632.0
cam1_rec8.mkv,141099,2351316000,1768260151952000,-1768257800636000,-1768257800636.0
cam1_rec8.mkv,141639,2360312000,1768260160950000,-1768257800638000,-1768257800638.0
cam1_rec8.mkv,142180,2369324000,1768260169962000,-1768257800638000,-1768257800638.0
cam1_rec8.mkv,143261,2387336000,1768260187964000,-1768257800628000,-1768257800628.0
cam1_rec8.mkv,143802,2396348000,1768260196986000,-1768257800638000,-1768257800638.0
cam1_rec8.mkv,144342,2405348000,1768260205985000,-1768257800637000,-1768257800637.0
cam1_rec8.mkv,144883,2414360000,1768260215001000,-1768257800641000,-1768257800641.0
cam1_rec8.mkv,146505,2441385000,1768260242014000,-1768257800629000,-1768257800629.0
cam1_rec8.mkv,147045,2450385000,1768260250987000,-1768257800602000,-1768257800602.0
cam1_rec8.mkv,147586,2459397000,1768260260021000,-1768257800624000,-1768257800624.0
cam1_rec8.mkv,148126,2468393000,1768260269028000,-1768257800635000,-1768257800635.0
cam1_rec8.mkv,148667,2477409000,1768260278046000,-1768257800637000,-1768257800637.0
cam1_rec8.mkv,149748,2495422000,1768260296043000,-1768257800621000,-1768257800621.0
cam1_rec8.mkv,150289,2504434000,1768260305069000,-1768257800635000,-1768257800635.0
cam1_rec8.mkv,150829,2513430000,1768260314057000,-1768257800627000,-1768257800627.0
cam1_rec8.mkv,151370,2522446000,1768260323082000,-1768257800636000,-1768257800636.0
cam1_rec8.mkv,152992,2549471000,1768260350098000,-1768257800627000,-1768257800627.0
cam1_rec8.mkv,153533,2558483000,1768260359116000,-1768257800633000,-1768257800633.0
cam1_rec8.mkv,154073,2567483000,1768260368120000,-1768257800637000,-1768257800637.0
cam1_rec8.mkv,154614,2576495000,1768260377137000,-1768257800642000,-1768257800642.0
cam1_rec8.mkv,156236,2603519000,1768260404126000,-1768257800607000,-1768257800607.0
cam1_rec8.mkv,156776,2612519000,1768260413139000,-1768257800620000,-1768257800620.0
cam1_rec8.mkv,157317,2621532000,1768260422145000,-1768257800613000,-1768257800613.0
cam1_rec8.mkv,157857,2630528000,1768260431162000,-1768257800634000,-1768257800634.0
cam1_rec8.mkv,159479,2657556000,1768260458184000,-1768257800628000,-1768257800628.0
cam1_rec8.mkv,160020,2666568000,1768260467195000,-1768257800627000,-1768257800627.0
cam1_rec8.mkv,160560,2675564000,1768260476199000,-1768257800635000,-1768257800635.0
cam1_rec8.mkv,161101,2684581000,1768260485211000,-1768257800630000,-1768257800630.0
cam1_rec8.mkv,163263,2720601000,1768260521230000,-1768257800629000,-1768257800629.0
cam1_rec8.mkv,163804,2729617000,1768260530246000,-1768257800629000,-1768257800629.0
cam1_rec8.mkv,164345,2738629000,1768260539269000,-1768257800640000,-1768257800640.0
cam1_rec8.mkv,164885,2747626000,1768260548268000,-1768257800642000,-1768257800642.0
cam1_rec8.mkv,165426,2756642000,1768260557271000,-1768257800629000,-1768257800629.0
cam1_rec8.mkv,166507,2774654000,1768260575277000,-1768257800623000,-1768257800623.0
cam1_rec8.mkv,167048,2783666000,1768260584293000,-1768257800627000,-1768257800627.0
cam1_rec8.mkv,167588,2792662000,1768260593291000,-1768257800629000,-1768257800629.0
cam1_rec8.mkv,169751,2828703000,1768260629333000,-1768257800630000,-1768257800630.0
cam1_rec8.mkv,170291,2837699000,1768260638337000,-1768257800638000,-1768257800638.0
cam1_rec8.mkv,170832,2846715000,1768260647341000,-1768257800626000,-1768257800626.0
cam1_rec8.mkv,171373,2855727000,1768260656357000,-1768257800630000,-1768257800630.0
cam1_rec8.mkv,172994,2882736000,1768260683367000,-1768257800631000,-1768257800631.0
cam1_rec8.mkv,173535,2891752000,1768260692381000,-1768257800629000,-1768257800629.0
cam1_rec8.mkv,174076,2900764000,1768260701385000,-1768257800621000,-1768257800621.0
cam1_rec8.mkv,174616,2909760000,1768260710396000,-1768257800636000,-1768257800636.0
cam1_rec8.mkv,176238,2936784000,1768260737420000,-1768257800636000,-1768257800636.0
cam1_rec8.mkv,176779,2945801000,1768260746421000,-1768257800620000,-1768257800620.0
cam1_rec8.mkv,177319,2954797000,1768260755435000,-1768257800638000,-1768257800638.0
cam1_rec8.mkv,179482,2990837000,1768260791466000,-1768257800629000,-1768257800629.0
cam1_rec8.mkv,180022,2999833000,1768260800459000,-1768257800626000,-1768257800626.0
cam1_rec8.mkv,180563,3008850000,1768260809470000,-1768257800620000,-1768257800620.0
cam1_rec8.mkv,182725,3044870000,1768260845488000,-1768257800618000,-1768257800618.0
cam1_rec8.mkv,183266,3053882000,1768260854511000,-1768257800629000,-1768257800629.0
cam1_rec8.mkv,183807,3062898000,1768260863529000,-1768257800631000,-1768257800631.0
cam1_rec8.mkv,184347,3071895000,1768260872530000,-1768257800635000,-1768257800635.0
cam1_rec8.mkv,185969,3098919000,1768260899548000,-1768257800629000,-1768257800629.0
cam1_rec8.mkv,186510,3107935000,1768260908564000,-1768257800629000,-1768257800629.0
cam1_rec8.mkv,187050,3116931000,1768260917561000,-1768257800630000,-1768257800630.0
cam1_rec8.mkv,187591,3125947000,1768260926569000,-1768257800622000,-1768257800622.0
cam1_rec8.mkv,189213,3152972000,1768260953600000,-1768257800628000,-1768257800628.0
cam1_rec8.mkv,189753,3161968000,1768260962572000,-1768257800604000,-1768257800604.0
cam1_rec8.mkv,190294,3170980000,1768260971605000,-1768257800625000,-1768257800625.0
cam1_rec8.mkv,190835,3179996000,1768260980609000,-1768257800613000,-1768257800613.0
cam1_rec8.mkv,192456,3207005000,1768261007632000,-1768257800627000,-1768257800627.0
cam1_rec8.mkv,192997,3216017000,1768261016635000,-1768257800618000,-1768257800618.0
cam1_rec8.mkv,193538,3225033000,1768261025653000,-1768257800620000,-1768257800620.0
cam1_rec8.mkv,194078,3234029000,1768261034659000,-1768257800630000,-1768257800630.0
cam1_rec8.mkv,195700,3261053000,1768261061672000,-1768257800619000,-1768257800619.0
cam1_rec8.mkv,196241,3270070000,1768261070695000,-1768257800625000,-1768257800625.0
cam1_rec8.mkv,196781,3279066000,1768261079695000,-1768257800629000,-1768257800629.0
cam1_rec8.mkv,197322,3288078000,1768261088706000,-1768257800628000,-1768257800628.0
cam1_rec8.mkv,197862,3297078000,1768261097703000,-1768257800625000,-1768257800625.0
cam1_rec8.mkv,198944,3315106000,1768261115726000,-1768257800620000,-1768257800620.0
cam1_rec8.mkv,199484,3324102000,1768261124725000,-1768257800623000,-1768257800623.0
cam1_rec8.mkv,200025,3333114000,1768261133736000,-1768257800622000,-1768257800622.0
cam1_rec8.mkv,200566,3342131000,1768261142762000,-1768257800631000,-1768257800631.0
cam1_rec8.mkv,202187,3369139000,1768261169753000,-1768257800614000,-1768257800614.0
cam1_rec8.mkv,202728,3378151000,1768261178780000,-1768257800629000,-1768257800629.0
cam1_rec8.mkv,203269,3387167000,1768261187787000,-1768257800620000,-1768257800620.0
cam1_rec8.mkv,203809,3396163000,1768261196791000,-1768257800628000,-1768257800628.0
cam1_rec8.mkv,205431,3423188000,1768261223808000,-1768257800620000,-1768257800620.0
cam1_rec8.mkv,205972,3432204000,1768261232828000,-1768257800624000,-1768257800624.0
cam1_rec8.mkv,206512,3441200000,1768261241825000,-1768257800625000,-1768257800625.0
cam1_rec8.mkv,207053,3450212000,1768261250852000,-1768257800640000,-1768257800640.0
cam1_rec8.mkv,208675,3477241000,1768261277850000,-1768257800609000,-1768257800609.0
cam1_rec8.mkv,209215,3486237000,1768261286864000,-1768257800627000,-1768257800627.0
cam1_rec8.mkv,209756,3495249000,1768261295880000,-1768257800631000,-1768257800631.0
cam1_rec8.mkv,210296,3504249000,1768261304871000,-1768257800622000,-1768257800622.0
cam1_rec8.mkv,211918,3531273000,1768261331868000,-1768257800595000,-1768257800595.0
cam1_rec8.mkv,212459,3540286000,1768261340903000,-1768257800617000,-1768257800617.0
cam1_rec8.mkv,213000,3549302000,1768261349925000,-1768257800623000,-1768257800623.0
cam1_rec8.mkv,213540,3558298000,1768261358925000,-1768257800627000,-1768257800627.0
cam1_rec8.mkv,215703,3594418000,1768261395043000,-1768257800625000,-1768257800625.0
cam1_rec8.mkv,216243,3603419000,1768261404041000,-1768257800622000,-1768257800622.0
cam1_rec8.mkv,216784,3612431000,1768261413051000,-1768257800620000,-1768257800620.0
cam1_rec8.mkv,217324,3621427000,1768261422050000,-1768257800623000,-1768257800623.0
cam1_rec8.mkv,217865,3630443000,1768261431069000,-1768257800626000,-1768257800626.0
cam1_rec8.mkv,218406,3639455000,1768261440075000,-1768257800620000,-1768257800620.0
cam1_rec8.mkv,218946,3648455000,1768261449072000,-1768257800617000,-1768257800617.0
cam1_rec8.mkv,219487,3657467000,1768261458098000,-1768257800631000,-1768257800631.0
cam1_rec8.mkv,220027,3666464000,1768261467089000,-1768257800625000,-1768257800625.0
cam1_rec8.mkv,222190,3702504000,1768261503133000,-1768257800629000,-1768257800629.0
cam1_rec8.mkv,222730,3711500000,1768261512125000,-1768257800625000,-1768257800625.0
cam1_rec8.mkv,223271,3720516000,1768261521145000,-1768257800629000,-1768257800629.0
cam1_rec8.mkv,224352,3738525000,1768261539150000,-1768257800625000,-1768257800625.0
cam1_rec8.mkv,224893,3747541000,1768261548157000,-1768257800616000,-1768257800616.0
cam1_rec8.mkv,225434,3756553000,1768261557170000,-1768257800617000,-1768257800617.0
cam1_rec8.mkv,225974,3765553000,1768261566171000,-1768257800618000,-1768257800618.0
cam1_rec8.mkv,226515,3774565000,1768261575196000,-1768257800631000,-1768257800631.0
cam1_rec8.mkv,228137,3801590000,1768261602201000,-1768257800611000,-1768257800611.0
cam1_rec8.mkv,228677,3810586000,1768261611218000,-1768257800632000,-1768257800632.0
cam1_rec8.mkv,229218,3819602000,1768261620226000,-1768257800624000,-1768257800624.0
cam1_rec8.mkv,229758,3828598000,1768261629231000,-1768257800633000,-1768257800633.0
cam1_rec8.mkv,230299,3837614000,1768261638250000,-1768257800636000,-1768257800636.0
cam1_rec8.mkv,231921,3864639000,1768261665256000,-1768257800617000,-1768257800617.0
cam1_rec8.mkv,232461,3873635000,1768261674252000,-1768257800617000,-1768257800617.0
cam1_rec8.mkv,233002,3882651000,1768261683270000,-1768257800619000,-1768257800619.0
cam1_rec8.mkv,235165,3918687000,1768261719302000,-1768257800615000,-1768257800615.0
cam1_rec8.mkv,235705,3927684000,1768261728313000,-1768257800629000,-1768257800629.0
cam1_rec8.mkv,236246,3936700000,1768261737323000,-1768257800623000,-1768257800623.0
cam1_rec8.mkv,238408,3972720000,1768261773342000,-1768257800622000,-1768257800622.0
cam1_rec8.mkv,238949,3981736000,1768261782364000,-1768257800628000,-1768257800628.0
cam1_rec8.mkv,239489,3990732000,1768261791366000,-1768257800634000,-1768257800634.0
cam1_rec8.mkv,240571,4008761000,1768261809386000,-1768257800625000,-1768257800625.0
cam1_rec8.mkv,241111,4017757000,1768261818377000,-1768257800620000,-1768257800620.0
cam1_rec8.mkv,241652,4026773000,1768261827394000,-1768257800621000,-1768257800621.0
cam1_rec8.mkv,242192,4035769000,1768261836391000,-1768257800622000,-1768257800622.0
cam1_rec8.mkv,242733,4044781000,1768261845393000,-1768257800612000,-1768257800612.0
cam1_rec8.mkv,244895,4080806000,1768261881427000,-1768257800621000,-1768257800621.0
cam1_rec8.mkv,245436,4089818000,1768261890447000,-1768257800629000,-1768257800629.0
cam1_rec8.mkv,245977,4098834000,1768261899470000,-1768257800636000,-1768257800636.0
cam1_rec8.mkv,248139,4134855000,1768261935466000,-1768257800611000,-1768257800611.0
cam1_rec8.mkv,248680,4143871000,1768261944500000,-1768257800629000,-1768257800629.0
cam1_rec8.mkv,249220,4152867000,1768261953486000,-1768257800619000,-1768257800619.0
cam1_rec8.mkv,251383,4188908000,1768261989518000,-1768257800610000,-1768257800610.0
cam1_rec8.mkv,251923,4197904000,1768261998519000,-1768257800615000,-1768257800615.0
cam1_rec8.mkv,252464,4206916000,1768262007552000,-1768257800636000,-1768257800636.0
cam1_rec8.mkv,253005,4215932000,1768262016552000,-1768257800620000,-1768257800620.0
cam1_rec8.mkv,254626,4242940000,1768262043569000,-1768257800629000,-1768257800629.0
cam1_rec8.mkv,255167,4251952000,1768262052584000,-1768257800632000,-1768257800632.0
cam1_rec8.mkv,255708,4260969000,1768262061592000,-1768257800623000,-1768257800623.0
cam1_rec8.mkv,257870,4296989000,1768262097617000,-1768257800628000,-1768257800628.0
cam1_rec8.mkv,258411,4306005000,1768262106626000,-1768257800621000,-1768257800621.0
cam1_rec8.mkv,258951,4315001000,1768262115620000,-1768257800619000,-1768257800619.0
cam1_rec8.mkv,261114,4351042000,1768262151662000,-1768257800620000,-1768257800620.0
cam1_rec8.mkv,261654,4360038000,1768262160667000,-1768257800629000,-1768257800629.0
cam1_rec8.mkv,262195,4369050000,1768262169675000,-1768257800625000,-1768257800625.0
cam1_rec8.mkv,262736,4378066000,1768262178695000,-1768257800629000,-1768257800629.0
cam1_rec8.mkv,264357,4405075000,1768262205694000,-1768257800619000,-1768257800619.0
cam1_rec8.mkv,264898,4414087000,1768262214719000,-1768257800632000,-1768257800632.0
cam1_rec8.mkv,265439,4423103000,1768262223728000,-1768257800625000,-1768257800625.0
cam1_rec8.mkv,265979,4432099000,1768262232719000,-1768257800620000,-1768257800620.0
cam1_rec8.mkv,267601,4459424000,1768262260040000,-1768257800616000,-1768257800616.0
cam1_rec8.mkv,268142,4468440000,1768262269070000,-1768257800630000,-1768257800630.0
cam1_rec8.mkv,268682,4477436000,1768262278067000,-1768257800631000,-1768257800631.0
cam1_rec8.mkv,269223,4486448000,1768262287070000,-1768257800622000,-1768257800622.0
cam2_rec8.mkv,540,9112000,1768257809746000,-1768257800634000,-1768257800634.0
cam2_rec8.mkv,1080,18109000,1768257818758000,-1768257800649000,-1768257800649.0
cam2_rec8.mkv,1620,27105000,1768257827741000,-1768257800636000,-1768257800636.0
cam2_rec8.mkv,2160,36101000,1768257836747000,-1768257800646000,-1768257800646.0
cam2_rec8.mkv,2700,45101000,1768257845735000,-1768257800634000,-1768257800634.0
cam2_rec8.mkv,3241,54113000,1768257854753000,-1768257800640000,-1768257800640.0
cam2_rec8.mkv,3781,63109000,1768257863759000,-1768257800650000,-1768257800650.0
cam2_rec8.mkv,4321,72109000,1768257872752000,-1768257800643000,-1768257800643.0
cam2_rec8.mkv,4861,81106000,1768257881742000,-1768257800636000,-1768257800636.0
cam2_rec8.mkv,5942,99118000,1768257899747000,-1768257800629000,-1768257800629.0
cam2_rec8.mkv,6482,108114000,1768257908763000,-1768257800649000,-1768257800649.0
cam2_rec8.mkv,7022,117110000,1768257917759000,-1768257800649000,-1768257800649.0
cam2_rec8.mkv,7562,126110000,1768257926761000,-1768257800651000,-1768257800651.0
cam2_rec8.mkv,8102,135106000,1768257935762000,-1768257800656000,-1768257800656.0
cam2_rec8.mkv,9183,153119000,1768257953763000,-1768257800644000,-1768257800644.0
cam2_rec8.mkv,9723,162115000,1768257962728000,-1768257800613000,-1768257800613.0
cam2_rec8.mkv,10263,171111000,1768257971758000,-1768257800647000,-1768257800647.0
cam2_rec8.mkv,10803,180107000,1768257980749000,-1768257800642000,-1768257800642.0
cam2_rec8.mkv,12424,207116000,1768258007763000,-1768257800647000,-1768257800647.0
cam2_rec8.mkv,12964,216116000,1768258016752000,-1768257800636000,-1768257800636.0
cam2_rec8.mkv,13504,225112000,1768258025764000,-1768257800652000,-1768257800652.0
cam2_rec8.mkv,14044,234108000,1768258034758000,-1768257800650000,-1768257800650.0
cam2_rec8.mkv,14584,243108000,1768258043745000,-1768257800637000,-1768257800637.0
cam2_rec8.mkv,15125,252120000,1768258052753000,-1768257800633000,-1768257800633.0
cam2_rec8.mkv,15665,261116000,1768258061744000,-1768257800628000,-1768257800628.0
cam2_rec8.mkv,16205,270117000,1768258070748000,-1768257800631000,-1768257800631.0
cam2_rec8.mkv,16745,279113000,1768258079748000,-1768257800635000,-1768257800635.0
cam2_rec8.mkv,17285,288109000,1768258088752000,-1768257800643000,-1768257800643.0
cam2_rec8.mkv,18906,315117000,1768258115761000,-1768257800644000,-1768257800644.0
cam2_rec8.mkv,19446,324113000,1768258124755000,-1768257800642000,-1768257800642.0
cam2_rec8.mkv,19986,333114000,1768258133763000,-1768257800649000,-1768257800649.0
cam2_rec8.mkv,20527,342126000,1768258142751000,-1768257800625000,-1768257800625.0
cam2_rec8.mkv,21067,351122000,1768258151766000,-1768257800644000,-1768257800644.0
cam2_rec8.mkv,22687,378114000,1768258178759000,-1768257800645000,-1768257800645.0
cam2_rec8.mkv,23227,387114000,1768258187738000,-1768257800624000,-1768257800624.0
cam2_rec8.mkv,23768,396126000,1768258196758000,-1768257800632000,-1768257800632.0
cam2_rec8.mkv,24308,405123000,1768258205772000,-1768257800649000,-1768257800649.0
cam2_rec8.mkv,24848,414123000,1768258214763000,-1768257800640000,-1768257800640.0
cam2_rec8.mkv,25388,423119000,1768258223756000,-1768257800637000,-1768257800637.0
cam2_rec8.mkv,25928,432115000,1768258232751000,-1768257800636000,-1768257800636.0
cam2_rec8.mkv,26469,441131000,1768258241768000,-1768257800637000,-1768257800637.0
cam2_rec8.mkv,27009,450127000,1768258250768000,-1768257800641000,-1768257800641.0
cam2_rec8.mkv,28629,477120000,1768258277756000,-1768257800636000,-1768257800636.0
cam2_rec8.mkv,29169,486116000,1768258286750000,-1768257800634000,-1768257800634.0
cam2_rec8.mkv,29710,495128000,1768258295776000,-1768257800648000,-1768257800648.0
cam2_rec8.mkv,30250,504128000,1768258304774000,-1768257800646000,-1768257800646.0
cam2_rec8.mkv,30790,513124000,1768258313779000,-1768257800655000,-1768257800655.0
cam2_rec8.mkv,32411,540133000,1768258340768000,-1768257800635000,-1768257800635.0
cam2_rec8.mkv,32951,549129000,1768258349771000,-1768257800642000,-1768257800642.0
cam2_rec8.mkv,33491,558129000,1768258358778000,-1768257800649000,-1768257800649.0
cam2_rec8.mkv,34031,567125000,1768258367772000,-1768257800647000,-1768257800647.0
cam2_rec8.mkv,35652,594134000,1768258394765000,-1768257800631000,-1768257800631.0
cam2_rec8.mkv,36192,603130000,1768258403774000,-1768257800644000,-1768257800644.0
cam2_rec8.mkv,36732,612130000,1768258412760000,-1768257800630000,-1768257800630.0
cam2_rec8.mkv,37272,621126000,1768258421771000,-1768257800645000,-1768257800645.0
cam2_rec8.mkv,37812,630122000,1768258430769000,-1768257800647000,-1768257800647.0
cam2_rec8.mkv,38353,639138000,1768258439778000,-1768257800640000,-1768257800640.0
cam2_rec8.mkv,38893,648134000,1768258448763000,-1768257800629000,-1768257800629.0
cam2_rec8.mkv,39433,657131000,1768258457771000,-1768257800640000,-1768257800640.0
cam2_rec8.mkv,39973,666127000,1768258466765000,-1768257800638000,-1768257800638.0
cam2_rec8.mkv,40513,675127000,1768258475775000,-1768257800648000,-1768257800648.0
cam2_rec8.mkv,41594,693135000,1768258493773000,-1768257800638000,-1768257800638.0
cam2_rec8.mkv,42134,702135000,1768258502768000,-1768257800633000,-1768257800633.0
cam2_rec8.mkv,42674,711131000,1768258511765000,-1768257800634000,-1768257800634.0
cam2_rec8.mkv,43214,720128000,1768258520763000,-1768257800635000,-1768257800635.0
cam2_rec8.mkv,43754,729128000,1768258529773000,-1768257800645000,-1768257800645.0
cam2_rec8.mkv,44835,747136000,1768258547768000,-1768257800632000,-1768257800632.0
cam2_rec8.mkv,45375,756136000,1768258556763000,-1768257800627000,-1768257800627.0
cam2_rec8.mkv,45915,765132000,1768258565763000,-1768257800631000,-1768257800631.0
cam2_rec8.mkv,46455,774128000,1768258574762000,-1768257800634000,-1768257800634.0
cam2_rec8.mkv,48616,810133000,1768258610776000,-1768257800643000,-1768257800643.0
cam2_rec8.mkv,49156,819133000,1768258619768000,-1768257800635000,-1768257800635.0
cam2_rec8.mkv,49696,828129000,1768258628759000,-1768257800630000,-1768257800630.0
cam2_rec8.mkv,50237,837141000,1768258637781000,-1768257800640000,-1768257800640.0
cam2_rec8.mkv,51857,864134000,1768258664775000,-1768257800641000,-1768257800641.0
cam2_rec8.mkv,52397,873134000,1768258673773000,-1768257800639000,-1768257800639.0
cam2_rec8.mkv,52938,882146000,1768258682784000,-1768257800638000,-1768257800638.0
cam2_rec8.mkv,53478,891294000,1768258691936000,-1768257800642000,-1768257800642.0
cam2_rec8.mkv,54018,900290000,1768258700928000,-1768257800638000,-1768257800638.0
cam2_rec8.mkv,55098,918287000,1768258718923000,-1768257800636000,-1768257800636.0
cam2_rec8.mkv,55638,927283000,1768258727926000,-1768257800643000,-1768257800643.0
cam2_rec8.mkv,56179,936295000,1768258736928000,-1768257800633000,-1768257800633.0
cam2_rec8.mkv,56719,945295000,1768258745924000,-1768257800629000,-1768257800629.0
cam2_rec8.mkv,58339,972284000,1768258772924000,-1768257800640000,-1768257800640.0
cam2_rec8.mkv,58880,981300000,1768258781937000,-1768257800637000,-1768257800637.0
cam2_rec8.mkv,59420,990296000,1768258790921000,-1768257800625000,-1768257800625.0
cam2_rec8.mkv,59960,999292000,1768258799936000,-1768257800644000,-1768257800644.0
cam2_rec8.mkv,60500,1008292000,1768258808930000,-1768257800638000,-1768257800638.0
cam2_rec8.mkv,61581,1026300000,1768258826930000,-1768257800630000,-1768257800630.0
cam2_rec8.mkv,62121,1035300000,1768258835925000,-1768257800625000,-1768257800625.0
cam2_rec8.mkv,62661,1044297000,1768258844941000,-1768257800644000,-1768257800644.0
cam2_rec8.mkv,63201,1053293000,1768258853927000,-1768257800634000,-1768257800634.0
cam2_rec8.mkv,64822,1080301000,1768258880932000,-1768257800631000,-1768257800631.0
cam2_rec8.mkv,65362,1089301000,1768258889932000,-1768257800631000,-1768257800631.0
cam2_rec8.mkv,65902,1098297000,1768258898936000,-1768257800639000,-1768257800639.0
cam2_rec8.mkv,66442,1107293000,1768258907940000,-1768257800647000,-1768257800647.0
cam2_rec8.mkv,66982,1116290000,1768258916916000,-1768257800626000,-1768257800626.0
cam2_rec8.mkv,68063,1134302000,1768258934929000,-1768257800627000,-1768257800627.0
cam2_rec8.mkv,68603,1143298000,1768258943910000,-1768257800612000,-1768257800612.0
cam2_rec8.mkv,69143,1152298000,1768258952910000,-1768257800612000,-1768257800612.0
cam2_rec8.mkv,69683,1161294000,1768258961935000,-1768257800641000,-1768257800641.0
cam2_rec8.mkv,70223,1170290000,1768258970927000,-1768257800637000,-1768257800637.0
cam2_rec8.mkv,71844,1197299000,1768258997932000,-1768257800633000,-1768257800633.0
cam2_rec8.mkv,72384,1206299000,1768259006915000,-1768257800616000,-1768257800616.0
cam2_rec8.mkv,72924,1215295000,1768259015932000,-1768257800637000,-1768257800637.0
cam2_rec8.mkv,73465,1224307000,1768259024951000,-1768257800644000,-1768257800644.0
cam2_rec8.mkv,74545,1242303000,1768259042927000,-1768257800624000,-1768257800624.0
cam2_rec8.mkv,75085,1251300000,1768259051925000,-1768257800625000,-1768257800625.0
cam2_rec8.mkv,75625,1260296000,1768259060932000,-1768257800636000,-1768257800636.0
cam2_rec8.mkv,76165,1269296000,1768259069927000,-1768257800631000,-1768257800631.0
cam2_rec8.mkv,77786,1296304000,1768259096933000,-1768257800629000,-1768257800629.0
cam2_rec8.mkv,78326,1305300000,1768259105943000,-1768257800643000,-1768257800643.0
cam2_rec8.mkv,78866,1314296000,1768259114910000,-1768257800614000,-1768257800614.0
cam2_rec8.mkv,79407,1323313000,1768259123938000,-1768257800625000,-1768257800625.0
cam2_rec8.mkv,80487,1341305000,1768259141922000,-1768257800617000,-1768257800617.0
cam2_rec8.mkv,81567,1359301000,1768259159910000,-1768257800609000,-1768257800609.0
cam2_rec8.mkv,82108,1368313000,1768259168944000,-1768257800631000,-1768257800631.0
cam2_rec8.mkv,82648,1377313000,1768259177944000,-1768257800631000,-1768257800631.0
cam2_rec8.mkv,83188,1386310000,1768259186923000,-1768257800613000,-1768257800613.0
cam2_rec8.mkv,83728,1395306000,1768259195939000,-1768257800633000,-1768257800633.0
cam2_rec8.mkv,84268,1404302000,1768259204930000,-1768257800628000,-1768257800628.0
cam2_rec8.mkv,84808,1413302000,1768259213914000,-1768257800612000,-1768257800612.0
cam2_rec8.mkv,85349,1422314000,1768259222939000,-1768257800625000,-1768257800625.0
cam2_rec8.mkv,85889,1431310000,1768259231933000,-1768257800623000,-1768257800623.0
cam2_rec8.mkv,87509,1458303000,1768259258926000,-1768257800623000,-1768257800623.0
cam2_rec8.mkv,88050,1467319000,1768259267927000,-1768257800608000,-1768257800608.0
cam2_rec8.mkv,88590,1476315000,1768259276942000,-1768257800627000,-1768257800627.0
cam2_rec8.mkv,89130,1485311000,1768259285946000,-1768257800635000,-1768257800635.0
cam2_rec8.mkv,89670,1494375000,1768259294999000,-1768257800624000,-1768257800624.0
cam2_rec8.mkv,90210,1503375000,1768259303993000,-1768257800618000,-1768257800618.0
cam2_rec8.mkv,90750,1512371000,1768259312982000,-1768257800611000,-1768257800611.0
cam2_rec8.mkv,91291,1521384000,1768259321995000,-1768257800611000,-1768257800611.0
cam2_rec8.mkv,91831,1530384000,1768259331019000,-1768257800635000,-1768257800635.0
cam2_rec8.mkv,92371,1539380000,1768259340003000,-1768257800623000,-1768257800623.0
cam2_rec8.mkv,92911,1548376000,1768259348993000,-1768257800617000,-1768257800617.0
cam2_rec8.mkv,93992,1566388000,1768259367009000,-1768257800621000,-1768257800621.0
cam2_rec8.mkv,94532,1575384000,1768259375990000,-1768257800606000,-1768257800606.0
cam2_rec8.mkv,95072,1584381000,1768259385004000,-1768257800623000,-1768257800623.0
cam2_rec8.mkv,95612,1593381000,1768259393999000,-1768257800618000,-1768257800618.0
cam2_rec8.mkv,96693,1611389000,1768259412010000,-1768257800621000,-1768257800621.0
cam2_rec8.mkv,97233,1620389000,1768259421005000,-1768257800616000,-1768257800616.0
cam2_rec8.mkv,97773,1629385000,1768259429992000,-1768257800607000,-1768257800607.0
cam2_rec8.mkv,98313,1638381000,1768259439022000,-1768257800641000,-1768257800641.0
cam2_rec8.mkv,98853,1647381000,1768259448023000,-1768257800642000,-1768257800642.0
cam2_rec8.mkv,99393,1656378000,1768259456990000,-1768257800612000,-1768257800612.0
cam2_rec8.mkv,99934,1665390000,1768259466010000,-1768257800620000,-1768257800620.0
cam2_rec8.mkv,100474,1674390000,1768259474991000,-1768257800601000,-1768257800601.0
cam2_rec8.mkv,101014,1683386000,1768259483993000,-1768257800607000,-1768257800607.0
cam2_rec8.mkv,101554,1692382000,1768259493000000,-1768257800618000,-1768257800618.0
cam2_rec8.mkv,102094,1701378000,1768259502003000,-1768257800625000,-1768257800625.0
cam2_rec8.mkv,102635,1710394000,1768259511010000,-1768257800616000,-1768257800616.0
cam2_rec8.mkv,103175,1719391000,1768259520020000,-1768257800629000,-1768257800629.0
cam2_rec8.mkv,104255,1737387000,1768259538004000,-1768257800617000,-1768257800617.0
cam2_rec8.mkv,104795,1746383000,1768259546997000,-1768257800614000,-1768257800614.0
cam2_rec8.mkv,105335,1755379000,1768259555999000,-1768257800620000,-1768257800620.0
cam2_rec8.mkv,105876,1764395000,1768259565026000,-1768257800631000,-1768257800631.0
cam2_rec8.mkv,107496,1791388000,1768259592009000,-1768257800621000,-1768257800621.0
cam2_rec8.mkv,108036,1800384000,1768259601003000,-1768257800619000,-1768257800619.0
cam2_rec8.mkv,108577,1809396000,1768259610015000,-1768257800619000,-1768257800619.0
cam2_rec8.mkv,109117,1818396000,1768259619037000,-1768257800641000,-1768257800641.0
cam2_rec8.mkv,109657,1827392000,1768259628041000,-1768257800649000,-1768257800649.0
cam2_rec8.mkv,110737,1845384000,1768259646002000,-1768257800618000,-1768257800618.0
cam2_rec8.mkv,111277,1854385000,1768259655000000,-1768257800615000,-1768257800615.0
cam2_rec8.mkv,111818,1863397000,1768259664012000,-1768257800615000,-1768257800615.0
cam2_rec8.mkv,112358,1872393000,1768259673025000,-1768257800632000,-1768257800632.0
cam2_rec8.mkv,113978,1899385000,1768259700003000,-1768257800618000,-1768257800618.0
cam2_rec8.mkv,114519,1908401000,1768259709020000,-1768257800619000,-1768257800619.0
cam2_rec8.mkv,115059,1917398000,1768259718025000,-1768257800627000,-1768257800627.0
cam2_rec8.mkv,115599,1926394000,1768259727039000,-1768257800645000,-1768257800645.0
cam2_rec8.mkv,117220,1953402000,1768259754025000,-1768257800623000,-1768257800623.0
cam2_rec8.mkv,117760,1962402000,1768259763010000,-1768257800608000,-1768257800608.0
cam2_rec8.mkv,118300,1971398000,1768259772042000,-1768257800644000,-1768257800644.0
cam2_rec8.mkv,118840,1980395000,1768259781008000,-1768257800613000,-1768257800613.0
cam2_rec8.mkv,120461,2007403000,1768259808020000,-1768257800617000,-1768257800617.0
cam2_rec8.mkv,121001,2016399000,1768259817007000,-1768257800608000,-1768257800608.0
cam2_rec8.mkv,121541,2025399000,1768259826017000,-1768257800618000,-1768257800618.0
cam2_rec8.mkv,122081,2034395000,1768259835024000,-1768257800629000,-1768257800629.0
cam2_rec8.mkv,122621,2043391000,1768259844019000,-1768257800628000,-1768257800628.0
cam2_rec8.mkv,123162,2052408000,1768259853038000,-1768257800630000,-1768257800630.0
cam2_rec8.mkv,123702,2061404000,1768259862020000,-1768257800616000,-1768257800616.0
cam2_rec8.mkv,124242,2070400000,1768259871010000,-1768257800610000,-1768257800610.0
cam2_rec8.mkv,124782,2079400000,1768259880030000,-1768257800630000,-1768257800630.0
cam2_rec8.mkv,125322,2088396000,1768259889020000,-1768257800624000,-1768257800624.0
cam2_rec8.mkv,125862,2097392000,1768259898032000,-1768257800640000,-1768257800640.0
cam2_rec8.mkv,126403,2106408000,1768259907023000,-1768257800615000,-1768257800615.0
cam2_rec8.mkv,126943,2115405000,1768259916007000,-1768257800602000,-1768257800602.0
cam2_rec8.mkv,127483,2124401000,1768259925030000,-1768257800629000,-1768257800629.0
cam2_rec8.mkv,128023,2133397000,1768259934008000,-1768257800611000,-1768257800611.0
cam2_rec8.mkv,128563,2142397000,1768259943016000,-1768257800619000,-1768257800619.0
cam2_rec8.mkv,138287,2304415000,1768260105053000,-1768257800638000,-1768257800638.0
cam2_rec8.mkv,138827,2313412000,1768260114048000,-1768257800636000,-1768257800636.0
cam2_rec8.mkv,139367,2322408000,1768260123028000,-1768257800620000,-1768257800620.0
cam2_rec8.mkv,139907,2331404000,1768260132038000,-1768257800634000,-1768257800634.0
cam2_rec8.mkv,140447,2340404000,1768260141030000,-1768257800626000,-1768257800626.0
cam2_rec8.mkv,140988,2349416000,1768260150039000,-1768257800623000,-1768257800623.0
cam2_rec8.mkv,141528,2358412000,1768260159048000,-1768257800636000,-1768257800636.0
cam2_rec8.mkv,143148,2385405000,1768260186031000,-1768257800626000,-1768257800626.0
cam2_rec8.mkv,143689,2394421000,1768260195050000,-1768257800629000,-1768257800629.0
cam2_rec8.mkv,144229,2403417000,1768260204048000,-1768257800631000,-1768257800631.0
cam2_rec8.mkv,144769,2412413000,1768260213049000,-1768257800636000,-1768257800636.0
cam2_rec8.mkv,145309,2421413000,1768260222042000,-1768257800629000,-1768257800629.0
cam2_rec8.mkv,145849,2430409000,1768260231050000,-1768257800641000,-1768257800641.0
cam2_rec8.mkv,146930,2448422000,1768260249041000,-1768257800619000,-1768257800619.0
cam2_rec8.mkv,147470,2457418000,1768260258041000,-1768257800623000,-1768257800623.0
cam2_rec8.mkv,148010,2466414000,1768260267045000,-1768257800631000,-1768257800631.0
cam2_rec8.mkv,148550,2475410000,1768260276038000,-1768257800628000,-1768257800628.0
cam2_rec8.mkv,149090,2484410000,1768260285044000,-1768257800634000,-1768257800634.0
cam2_rec8.mkv,150171,2502418000,1768260303048000,-1768257800630000,-1768257800630.0
cam2_rec8.mkv,150711,2511419000,1768260312037000,-1768257800618000,-1768257800618.0
cam2_rec8.mkv,151251,2520415000,1768260321051000,-1768257800636000,-1768257800636.0
cam2_rec8.mkv,151791,2529411000,1768260330055000,-1768257800644000,-1768257800644.0
cam2_rec8.mkv,153412,2556419000,1768260357049000,-1768257800630000,-1768257800630.0
cam2_rec8.mkv,153952,2565420000,1768260366054000,-1768257800634000,-1768257800634.0
cam2_rec8.mkv,154492,2574416000,1768260375051000,-1768257800635000,-1768257800635.0
cam2_rec8.mkv,155032,2583412000,1768260384044000,-1768257800632000,-1768257800632.0
cam2_rec8.mkv,156113,2601424000,1768260402056000,-1768257800632000,-1768257800632.0
cam2_rec8.mkv,156653,2610420000,1768260411045000,-1768257800625000,-1768257800625.0
cam2_rec8.mkv,157193,2619416000,1768260420025000,-1768257800609000,-1768257800609.0
cam2_rec8.mkv,157733,2628416000,1768260429022000,-1768257800606000,-1768257800606.0
cam2_rec8.mkv,158274,2637429000,1768260438039000,-1768257800610000,-1768257800610.0
cam2_rec8.mkv,158814,2646425000,1768260447043000,-1768257800618000,-1768257800618.0
cam2_rec8.mkv,159894,2664421000,1768260465056000,-1768257800635000,-1768257800635.0
cam2_rec8.mkv,160434,2673417000,1768260474034000,-1768257800617000,-1768257800617.0
cam2_rec8.mkv,160974,2682417000,1768260483038000,-1768257800621000,-1768257800621.0
cam2_rec8.mkv,161515,2691429000,1768260492070000,-1768257800641000,-1768257800641.0
cam2_rec8.mkv,162055,2700426000,1768260501062000,-1768257800636000,-1768257800636.0
cam2_rec8.mkv,163135,2718422000,1768260519035000,-1768257800613000,-1768257800613.0
cam2_rec8.mkv,163675,2727418000,1768260528037000,-1768257800619000,-1768257800619.0
cam2_rec8.mkv,164216,2736434000,1768260537064000,-1768257800630000,-1768257800630.0
cam2_rec8.mkv,164756,2745430000,1768260546060000,-1768257800630000,-1768257800630.0
cam2_rec8.mkv,165296,2754426000,1768260555068000,-1768257800642000,-1768257800642.0
cam2_rec8.mkv,166376,2772423000,1768260573036000,-1768257800613000,-1768257800613.0
cam2_rec8.mkv,166916,2781419000,1768260582053000,-1768257800634000,-1768257800634.0
cam2_rec8.mkv,167457,2790431000,1768260591065000,-1768257800634000,-1768257800634.0
cam2_rec8.mkv,167997,2799431000,1768260600060000,-1768257800629000,-1768257800629.0
cam2_rec8.mkv,169617,2826423000,1768260627051000,-1768257800628000,-1768257800628.0
cam2_rec8.mkv,170158,2835436000,1768260636063000,-1768257800627000,-1768257800627.0
cam2_rec8.mkv,170698,2844432000,1768260645066000,-1768257800634000,-1768257800634.0
cam2_rec8.mkv,171238,2853432000,1768260654064000,-1768257800632000,-1768257800632.0
cam2_rec8.mkv,171778,2862428000,1768260663066000,-1768257800638000,-1768257800638.0
cam2_rec8.mkv,172858,2880420000,1768260681052000,-1768257800632000,-1768257800632.0
cam2_rec8.mkv,173399,2889436000,1768260690055000,-1768257800619000,-1768257800619.0
cam2_rec8.mkv,173939,2898433000,1768260699059000,-1768257800626000,-1768257800626.0
cam2_rec8.mkv,174479,2907429000,1768260708055000,-1768257800626000,-1768257800626.0
cam2_rec8.mkv,176100,2934437000,1768260735062000,-1768257800625000,-1768257800625.0
cam2_rec8.mkv,176640,2943437000,1768260744067000,-1768257800630000,-1768257800630.0
cam2_rec8.mkv,177180,2952433000,1768260753066000,-1768257800633000,-1768257800633.0
cam2_rec8.mkv,177720,2961430000,1768260762051000,-1768257800621000,-1768257800621.0
cam2_rec8.mkv,178260,2970430000,1768260771057000,-1768257800627000,-1768257800627.0
cam2_rec8.mkv,179881,2997438000,1768260798061000,-1768257800623000,-1768257800623.0
cam2_rec8.mkv,180421,3006434000,1768260807050000,-1768257800616000,-1768257800616.0
cam2_rec8.mkv,180961,3015430000,1768260816036000,-1768257800606000,-1768257800606.0
cam2_rec8.mkv,181501,3024427000,1768260825062000,-1768257800635000,-1768257800635.0
cam2_rec8.mkv,182582,3042439000,1768260843061000,-1768257800622000,-1768257800622.0
cam2_rec8.mkv,183122,3051435000,1768260852054000,-1768257800619000,-1768257800619.0
cam2_rec8.mkv,183662,3060435000,1768260861058000,-1768257800623000,-1768257800623.0
cam2_rec8.mkv,184202,3069431000,1768260870068000,-1768257800637000,-1768257800637.0
cam2_rec8.mkv,186363,3105436000,1768260906055000,-1768257800619000,-1768257800619.0
cam2_rec8.mkv,186903,3114436000,1768260915053000,-1768257800617000,-1768257800617.0
cam2_rec8.mkv,187443,3123432000,1768260924050000,-1768257800618000,-1768257800618.0
cam2_rec8.mkv,187984,3132444000,1768260933071000,-1768257800627000,-1768257800627.0
cam2_rec8.mkv,189604,3159437000,1768260960054000,-1768257800617000,-1768257800617.0
cam2_rec8.mkv,190144,3168437000,1768260969051000,-1768257800614000,-1768257800614.0
cam2_rec8.mkv,190685,3177449000,1768260978075000,-1768257800626000,-1768257800626.0
cam2_rec8.mkv,191225,3186445000,1768260987075000,-1768257800630000,-1768257800630.0
cam2_rec8.mkv,192305,3204441000,1768261005068000,-1768257800627000,-1768257800627.0
cam2_rec8.mkv,192845,3213437000,1768261014069000,-1768257800632000,-1768257800632.0
cam2_rec8.mkv,193386,3222453000,1768261023082000,-1768257800629000,-1768257800629.0
cam2_rec8.mkv,193926,3231450000,1768261032081000,-1768257800631000,-1768257800631.0
cam2_rec8.mkv,194466,3240446000,1768261041068000,-1768257800622000,-1768257800622.0
cam2_rec8.mkv,196086,3267438000,1768261068050000,-1768257800612000,-1768257800612.0
cam2_rec8.mkv,196627,3276450000,1768261077070000,-1768257800620000,-1768257800620.0
cam2_rec8.mkv,197167,3285451000,1768261086072000,-1768257800621000,-1768257800621.0
cam2_rec8.mkv,197707,3294447000,1768261095073000,-1768257800626000,-1768257800626.0
cam2_rec8.mkv,198247,3303443000,1768261104075000,-1768257800632000,-1768257800632.0
cam2_rec8.mkv,198787,3312443000,1768261113070000,-1768257800627000,-1768257800627.0
cam2_rec8.mkv,199328,3321455000,1768261122078000,-1768257800623000,-1768257800623.0
cam2_rec8.mkv,199868,3330451000,1768261131074000,-1768257800623000,-1768257800623.0
cam2_rec8.mkv,200408,3339451000,1768261140071000,-1768257800620000,-1768257800620.0
cam2_rec8.mkv,200948,3348447000,1768261149084000,-1768257800637000,-1768257800637.0
cam2_rec8.mkv,202028,3366440000,1768261167064000,-1768257800624000,-1768257800624.0
cam2_rec8.mkv,202569,3375456000,1768261176077000,-1768257800621000,-1768257800621.0
cam2_rec8.mkv,203109,3384452000,1768261185085000,-1768257800633000,-1768257800633.0
cam2_rec8.mkv,203649,3393448000,1768261194075000,-1768257800627000,-1768257800627.0
cam2_rec8.mkv,204189,3402448000,1768261203070000,-1768257800622000,-1768257800622.0
cam2_rec8.mkv,204729,3411444000,1768261212082000,-1768257800638000,-1768257800638.0
cam2_rec8.mkv,205810,3429457000,1768261230067000,-1768257800610000,-1768257800610.0
cam2_rec8.mkv,206350,3438453000,1768261239081000,-1768257800628000,-1768257800628.0
cam2_rec8.mkv,206890,3447449000,1768261248081000,-1768257800632000,-1768257800632.0
cam2_rec8.mkv,207430,3456449000,1768261257085000,-1768257800636000,-1768257800636.0
cam2_rec8.mkv,207970,3465445000,1768261266072000,-1768257800627000,-1768257800627.0
cam2_rec8.mkv,209051,3483457000,1768261284068000,-1768257800611000,-1768257800611.0
cam2_rec8.mkv,209591,3492454000,1768261293065000,-1768257800611000,-1768257800611.0
cam2_rec8.mkv,210131,3501450000,1768261302077000,-1768257800627000,-1768257800627.0
cam2_rec8.mkv,210671,3510446000,1768261311074000,-1768257800628000,-1768257800628.0
cam2_rec8.mkv,212292,3537454000,1768261338081000,-1768257800627000,-1768257800627.0
cam2_rec8.mkv,212832,3546454000,1768261347072000,-1768257800618000,-1768257800618.0
cam2_rec8.mkv,213372,3555451000,1768261356083000,-1768257800632000,-1768257800632.0
cam2_rec8.mkv,213913,3564463000,1768261365092000,-1768257800629000,-1768257800629.0
cam2_rec8.mkv,215533,3591523000,1768261392138000,-1768257800615000,-1768257800615.0
cam2_rec8.mkv,216073,3600519000,1768261401134000,-1768257800615000,-1768257800615.0
cam2_rec8.mkv,216613,3609519000,1768261410150000,-1768257800631000,-1768257800631.0
cam2_rec8.mkv,217154,3618531000,1768261419153000,-1768257800622000,-1768257800622.0
cam2_rec8.mkv,218774,3645524000,1768261446139000,-1768257800615000,-1768257800615.0
cam2_rec8.mkv,219314,3654520000,1768261455149000,-1768257800629000,-1768257800629.0
cam2_rec8.mkv,219855,3663536000,1768261464157000,-1768257800621000,-1768257800621.0
cam2_rec8.mkv,220395,3672532000,1768261473158000,-1768257800626000,-1768257800626.0
cam2_rec8.mkv,222015,3699525000,1768261500149000,-1768257800624000,-1768257800624.0
cam2_rec8.mkv,222555,3708521000,1768261509138000,-1768257800617000,-1768257800617.0
cam2_rec8.mkv,223096,3717533000,1768261518150000,-1768257800617000,-1768257800617.0
cam2_rec8.mkv,223636,3726533000,1768261527155000,-1768257800622000,-1768257800622.0
cam2_rec8.mkv,225256,3753526000,1768261554137000,-1768257800611000,-1768257800611.0
cam2_rec8.mkv,225797,3762538000,1768261563154000,-1768257800616000,-1768257800616.0
cam2_rec8.mkv,226337,3771534000,1768261572168000,-1768257800634000,-1768257800634.0
cam2_rec8.mkv,226877,3780534000,1768261581153000,-1768257800619000,-1768257800619.0
cam2_rec8.mkv,227417,3789530000,1768261590162000,-1768257800632000,-1768257800632.0
cam2_rec8.mkv,228497,3807522000,1768261608136000,-1768257800614000,-1768257800614.0
cam2_rec8.mkv,229038,3816539000,1768261617162000,-1768257800623000,-1768257800623.0
cam2_rec8.mkv,229578,3825535000,1768261626159000,-1768257800624000,-1768257800624.0
cam2_rec8.mkv,230118,3834531000,1768261635157000,-1768257800626000,-1768257800626.0
cam2_rec8.mkv,232279,3870539000,1768261671161000,-1768257800622000,-1768257800622.0
cam2_rec8.mkv,232819,3879535000,1768261680160000,-1768257800625000,-1768257800625.0
cam2_rec8.mkv,233359,3888532000,1768261689152000,-1768257800620000,-1768257800620.0
cam2_rec8.mkv,235520,3924540000,1768261725152000,-1768257800612000,-1768257800612.0
cam2_rec8.mkv,236060,3933536000,1768261734162000,-1768257800626000,-1768257800626.0
cam2_rec8.mkv,236600,3942532000,1768261743153000,-1768257800621000,-1768257800621.0
cam2_rec8.mkv,238761,3978541000,1768261779152000,-1768257800611000,-1768257800611.0
cam2_rec8.mkv,239301,3987537000,1768261788165000,-1768257800628000,-1768257800628.0
cam2_rec8.mkv,239841,3996533000,1768261797164000,-1768257800631000,-1768257800631.0
cam2_rec8.mkv,241462,4023542000,1768261824167000,-1768257800625000,-1768257800625.0
cam2_rec8.mkv,242002,4032538000,1768261833166000,-1768257800628000,-1768257800628.0
cam2_rec8.mkv,242542,4041538000,1768261842155000,-1768257800617000,-1768257800617.0
cam2_rec8.mkv,243082,4050534000,1768261851159000,-1768257800625000,-1768257800625.0
cam2_rec8.mkv,244703,4077543000,1768261878164000,-1768257800621000,-1768257800621.0
cam2_rec8.mkv,245243,4086539000,1768261887164000,-1768257800625000,-1768257800625.0
cam2_rec8.mkv,245783,4095535000,1768261896165000,-1768257800630000,-1768257800630.0
cam2_rec8.mkv,246324,4104551000,1768261905186000,-1768257800635000,-1768257800635.0
cam2_rec8.mkv,246864,4113547000,1768261914169000,-1768257800622000,-1768257800622.0
cam2_rec8.mkv,247404,4122542999,1768261923169000,-1768257800626001,-1768257800626.001
cam2_rec8.mkv,247944,4131542999,1768261932151000,-1768257800608001,-1768257800608.001
cam2_rec8.mkv,248484,4140538999,1768261941149000,-1768257800610001,-1768257800610.001
cam2_rec8.mkv,249024,4149536000,1768261950159000,-1768257800623000,-1768257800623.0
cam2_rec8.mkv,249565,4158551999,1768261959186000,-1768257800634001,-1768257800634.001
cam2_rec8.mkv,250105,4167548000,1768261968177000,-1768257800629000,-1768257800629.0
cam2_rec8.mkv,251185,4185544000,1768261986165000,-1768257800621000,-1768257800621.0
cam2_rec8.mkv,251725,4194540000,1768261995153000,-1768257800613000,-1768257800613.0
cam2_rec8.mkv,252266,4203552000,1768262004183000,-1768257800631000,-1768257800631.0
cam2_rec8.mkv,252806,4212553000,1768262013184000,-1768257800631000,-1768257800631.0
cam2_rec8.mkv,254967,4248557000,1768262049186000,-1768257800629000,-1768257800629.0
cam2_rec8.mkv,255507,4257553000,1768262058182000,-1768257800629000,-1768257800629.0
cam2_rec8.mkv,256047,4266553000,1768262067168000,-1768257800615000,-1768257800615.0
cam2_rec8.mkv,256587,4275550000,1768262076186000,-1768257800636000,-1768257800636.0
cam2_rec8.mkv,257127,4284546000,1768262085170000,-1768257800624000,-1768257800624.0
cam2_rec8.mkv,258208,4302558000,1768262103173000,-1768257800615000,-1768257800615.0
cam2_rec8.mkv,258748,4311554000,1768262112166000,-1768257800612000,-1768257800612.0
cam2_rec8.mkv,259288,4320550000,1768262121167000,-1768257800617000,-1768257800617.0
cam2_rec8.mkv,259828,4329550000,1768262130170000,-1768257800620000,-1768257800620.0
cam2_rec8.mkv,260368,4338547000,1768262139176000,-1768257800629000,-1768257800629.0
cam2_rec8.mkv,261449,4356559000,1768262157185000,-1768257800626000,-1768257800626.0
cam2_rec8.mkv,261989,4365555000,1768262166185000,-1768257800630000,-1768257800630.0
cam2_rec8.mkv,262529,4374551000,1768262175183000,-1768257800632000,-1768257800632.0
cam2_rec8.mkv,263069,4383551000,1768262184182000,-1768257800631000,-1768257800631.0
cam2_rec8.mkv,264150,4401559000,1768262202184000,-1768257800625000,-1768257800625.0
cam2_rec8.mkv,264690,4410560000,1768262211185000,-1768257800625000,-1768257800625.0
cam2_rec8.mkv,265230,4419556000,1768262220172000,-1768257800616000,-1768257800616.0
cam2_rec8.mkv,265770,4428552000,1768262229171000,-1768257800619000,-1768257800619.0
cam2_rec8.mkv,267931,4464824000,1768262265453000,-1768257800629000,-1768257800629.0
cam2_rec8.mkv,268471,4473821000,1768262274444000,-1768257800623000,-1768257800623.0
cam2_rec8.mkv,269011,4482821000,1768262283448000,-1768257800627000,-1768257800627.0
cam2_rec8.mkv,269552,4491833000,1768262292463000,-1768257800630000,-1768257800630.0
